{
  "14000US27053005901": {
    "B01003": {
      "estimate": {
        "B01003001": 3305
      },
      "error": {
        "B01003001": 382
      }
    },
    "B02008": {
      "estimate": {
        "B02008001": 1600
      },
      "error": {
        "B02008001": 345
      },
      "by_population": {
        "B02008001": 0.48411497730711045
      }
    },
    "B08301": {
      "estimate": {
        "B08301010": 291
      },
      "error": {
        "B08301010": 91
      },
      "by_population": {
        "B08301010": 0.08804841149773071
      }
    },
    "B19013": {
      "estimate": {
        "B19013001": 18191
      },
      "error": {
        "B19013001": 1914
      }
    }
  },
  "14000US27053104400": {
    "B01003": {
      "estimate": {
        "B01003001": 1832
      },
      "error": {
        "B01003001": 312
      }
    },
    "B02008": {
      "estimate": {
        "B02008001": 1124
      },
      "error": {
        "B02008001": 187
      },
      "by_population": {
        "B02008001": 0.6135371179039302
      }
    },
    "B08301": {
      "estimate": {
        "B08301010": 113
      },
      "error": {
        "B08301010": 78
      },
      "by_population": {
        "B08301010": 0.06168122270742358
      }
    },
    "B19013": {
      "estimate": {
        "B19013001": 39688
      },
      "error": {
        "B19013001": 11172
      }
    }
  },
  "14000US27053104800": {
    "B01003": {
      "estimate": {
        "B01003001": 7253
      },
      "error": {
        "B01003001": 711
      }
    },
    "B02008": {
      "estimate": {
        "B02008001": 3332
      },
      "error": {
        "B02008001": 653
      },
      "by_population": {
        "B02008001": 0.45939611195367436
      }
    },
    "B08301": {
      "estimate": {
        "B08301010": 810
      },
      "error": {
        "B08301010": 266
      },
      "by_population": {
        "B08301010": 0.11167792637529299
      }
    },
    "B19013": {
      "estimate": {
        "B19013001": 13511
      },
      "error": {
        "B19013001": 1686
      }
    }
  },
  "14000US27053104900": {
    "B01003": {
      "estimate": {
        "B01003001": 10117
      },
      "error": {
        "B01003001": 855
      }
    },
    "B02008": {
      "estimate": {
        "B02008001": 7507
      },
      "error": {
        "B02008001": 852
      },
      "by_population": {
        "B02008001": 0.7420183848967085
      }
    },
    "B08301": {
      "estimate": {
        "B08301010": 515
      },
      "error": {
        "B08301010": 192
      },
      "by_population": {
        "B08301010": 0.05090441830582188
      }
    },
    "B19013": {
      "estimate": {
        "B19013001": 16543
      },
      "error": {
        "B19013001": 1606
      }
    }
  },
  "14000US27053105400": {
    "B01003": {
      "estimate": {
        "B01003001": 3341
      },
      "error": {
        "B01003001": 334
      }
    },
    "B02008": {
      "estimate": {
        "B02008001": 2417
      },
      "error": {
        "B02008001": 337
      },
      "by_population": {
        "B02008001": 0.723436096976953
      }
    },
    "B08301": {
      "estimate": {
        "B08301010": 296
      },
      "error": {
        "B08301010": 112
      },
      "by_population": {
        "B08301010": 0.08859622867404969
      }
    },
    "B19013": {
      "estimate": {
        "B19013001": 31835
      },
      "error": {
        "B19013001": 8712
      }
    }
  },
  "14000US27053125600": {
    "B01003": {
      "estimate": {
        "B01003001": 2624
      },
      "error": {
        "B01003001": 405
      }
    },
    "B02008": {
      "estimate": {
        "B02008001": 2152
      },
      "error": {
        "B02008001": 277
      },
      "by_population": {
        "B02008001": 0.8201219512195121
      }
    },
    "B08301": {
      "estimate": {
        "B08301010": 129
      },
      "error": {
        "B08301010": 69
      },
      "by_population": {
        "B08301010": 0.04916158536585366
      }
    },
    "B19013": {
      "estimate": {
        "B19013001": 64097
      },
      "error": {
        "B19013001": 12915
      }
    }
  },
  "14000US27053126100": {
    "B01003": {
      "estimate": {
        "B01003001": 5573
      },
      "error": {
        "B01003001": 564
      }
    },
    "B02008": {
      "estimate": {
        "B02008001": 3689
      },
      "error": {
        "B02008001": 339
      },
      "by_population": {
        "B02008001": 0.6619415036784496
      }
    },
    "B08301": {
      "estimate": {
        "B08301010": 312
      },
      "error": {
        "B08301010": 115
      },
      "by_population": {
        "B08301010": 0.055984209581912796
      }
    },
    "B19013": {
      "estimate": {
        "B19013001": 72697
      },
      "error": {
        "B19013001": 13268
      }
    }
  },
  "14000US27053126200": {
    "B01003": {
      "estimate": {
        "B01003001": 3945
      },
      "error": {
        "B01003001": 435
      }
    },
    "B02008": {
      "estimate": {
        "B02008001": 3226
      },
      "error": {
        "B02008001": 271
      },
      "by_population": {
        "B02008001": 0.8177439797211661
      }
    },
    "B08301": {
      "estimate": {
        "B08301010": 287
      },
      "error": {
        "B08301010": 120
      },
      "by_population": {
        "B08301010": 0.07275031685678074
      }
    },
    "B19013": {
      "estimate": {
        "B19013001": 95357
      },
      "error": {
        "B19013001": 13275
      }
    }
  },
  "14000US27123031900": {
    "B01003": {
      "estimate": {
        "B01003001": 2166
      },
      "error": {
        "B01003001": 250
      }
    },
    "B02008": {
      "estimate": {
        "B02008001": 1617
      },
      "error": {
        "B02008001": 269
      },
      "by_population": {
        "B02008001": 0.7465373961218836
      }
    },
    "B08301": {
      "estimate": {
        "B08301010": 230
      },
      "error": {
        "B08301010": 96
      },
      "by_population": {
        "B08301010": 0.1061865189289012
      }
    },
    "B19013": {
      "estimate": {
        "B19013001": 37161
      },
      "error": {
        "B19013001": 8010
      }
    }
  },
  "14000US27123032000": {
    "B01003": {
      "estimate": {
        "B01003001": 2645
      },
      "error": {
        "B01003001": 171
      }
    },
    "B02008": {
      "estimate": {
        "B02008001": 2256
      },
      "error": {
        "B02008001": 189
      },
      "by_population": {
        "B02008001": 0.852930056710775
      }
    },
    "B08301": {
      "estimate": {
        "B08301010": 162
      },
      "error": {
        "B08301010": 76
      },
      "by_population": {
        "B08301010": 0.0612476370510397
      }
    },
    "B19013": {
      "estimate": {
        "B19013001": 44300
      },
      "error": {
        "B19013001": 6289
      }
    }
  },
  "14000US27123032100": {
    "B01003": {
      "estimate": {
        "B01003001": 3273
      },
      "error": {
        "B01003001": 311
      }
    },
    "B02008": {
      "estimate": {
        "B02008001": 2366
      },
      "error": {
        "B02008001": 284
      },
      "by_population": {
        "B02008001": 0.7228842040941033
      }
    },
    "B08301": {
      "estimate": {
        "B08301010": 224
      },
      "error": {
        "B08301010": 88
      },
      "by_population": {
        "B08301010": 0.06843874121600978
      }
    },
    "B19013": {
      "estimate": {
        "B19013001": 30240
      },
      "error": {
        "B19013001": 8091
      }
    }
  },
  "14000US27123032200": {
    "B01003": {
      "estimate": {
        "B01003001": 2797
      },
      "error": {
        "B01003001": 296
      }
    },
    "B02008": {
      "estimate": {
        "B02008001": 2504
      },
      "error": {
        "B02008001": 313
      },
      "by_population": {
        "B02008001": 0.895244905255631
      }
    },